{
    "accuracy": 0.9884,
    "precision": 0.9355263157894737,
    "recall": 0.9138817480719794,
    "f1_score": 0.9245773732119635,
    "roc_auc": 0.9982584676522388
}